MouseID,Age,Treatment,Tissue,Sex,DNA_#,Library_Date_(Y/M/D),Sequence_Date_(Y/M/D),Raw_reads,DCS_reads,Mapped_DCS,%_mapped_DCS,Peak_Family_Size,Mean_Insert_Size,DCS_Mean_Depth,Nucleotides_Sequenced,A's_Sequenced,T's_Sequenced,C's_Sequenced,G's_Sequenced,Total_A/T,Total_C/G,Total_SNVs,Total_SNV_Freq,Total_InDels,Total_InDel_Freq,A>T_Count,A>C_Count,A>G_Count,T>A_Count,T>C_Count,T>G_Count,C>A_Count,C>T_Count,C>G_Count,G>A_Count,G>T_Count,G>C_Count,ins_Count,dels_Count,A>T/T>A_Count,A>C/T>G_Count,A>G/T>C_Count,C>A/G>T_Count,C>T/G>A_Count,C>G/G>C_Count,A>T/T>A_Freq,A>C/T>G_Freq,A>G/T>C_Freq,C>A/G>T_Freq,C>T/G>A_Freq,C>G/G>C_Freq
YM13-MS,4.5,NT,C,M,D142,200519,200610,47740814,676271,662895,0.980220946928081,26,499.474445740223,4871.15945512821,79020773,27203998,22623169,19342800,9850806,49827167,29193606,55,6.9601951375495E-07,7,2.5731511963793E-07,2,0,2,0,5,0,7,8,1,26,3,1,4,3,2,0,7,10,34,2,4.01387459977406E-08,0,1.40485610992092E-07,3.42540760466521E-07,1.16463858558617E-06,6.85081520933043E-08
YM14-MS,4.5,NT,C,M,D185,191110,200114,55321768,1298660,1197790,0.922327630018635,39,390.185822048532,8671.3424556213,140683860,47700110,40729415,34335867,17918468,88429525,52254335,129,9.1694953493599E-07,26,1.8481153417315E-07,2,1,7,0,6,0,19,15,11,47,15,6,9,17,2,1,13,34,62,17,2.261688050456E-08,1.130844025228E-08,1.4700972327964E-07,6.50663720053083E-07,1.18650443068503E-06,3.25331860026541E-07
YM3-MS,4.5,NT,C,M,D217,191110,200114,87238594,2101532,1996074,0.949818513351212,54,403.636167161505,14462.1306089744,234633607,80539469,66992843,57980487,29120808,147532312,87101295,193,8.2255906333145E-07,19,8.097731711553E-08,2,1,7,2,20,0,24,23,8,87,11,8,7,12,4,1,27,35,110,16,2.71127046392386E-08,6.77817615980966E-09,1.83010756314861E-07,4.01830994590838E-07,1.26289741157121E-06,1.83694168955812E-07
YM5-MS,4.5,NT,C,M,D225,191110,200114,65082630,940810,873618,0.9285806911066,4,388.12555039396,6282.06878698225,101920284,34608086,29449492,25135444,12727262,64057578,37862706,104,1.02040531990668E-06,8,7.84927169159E-08,1,0,6,0,13,0,13,7,9,37,8,10,3,5,1,0,19,21,44,19,1.56109555063103E-08,0,2.96608154619895E-07,5.546354769255E-07,1.16209338022486E-06,5.01813050551643E-07
YM7-MS,4.5,NT,C,M,D233,200518,200610,67375716,1726723,1683496,0.974965874665479,12,443.497766942809,12093.7930226824,196209698,67594590,56670256,47802041,24142811,124264846,71944852,159,8.1035749823131E-07,21,3.1067575082562E-07,2,0,7,2,16,0,20,21,5,73,8,5,9,12,4,0,23,28,94,10,3.2189312816595E-08,0,1.85088548695421E-07,3.89186984497515E-07,1.3065563050988E-06,1.38995351606255E-07
YM13-MS,4.5,NT,EC,M,D253,191110,200114,60260424,1646363,1564540,0.950300753843472,9,423.267674505815,11444.5326676529,185665539,63440966,52811287,45997413,23415873,116252253,69413286,264,1.42191168819972E-06,25,1.3465072804922E-07,0,2,7,0,15,0,54,21,22,92,38,13,9,16,0,2,22,92,113,35,0,1.72039676512764E-08,1.8924364416404E-07,1.32539468020575E-06,1.62793042242662E-06,5.04226237034795E-07
YM14-MS,4.5,NT,EC,M,D186,191110,200114,52675638,1904183,1724855,0.905824177613181,4,423.232347523407,12636.1616740631,205009087,70470295,58848909,50360960,25328923,129319204,75689883,239,1.16580198223116E-06,35,1.7072413965728E-07,2,0,13,4,27,1,14,20,15,125,11,7,10,25,6,1,40,25,145,22,4.63968213104683E-08,7.73280355174472E-09,3.09312142069789E-07,3.30295133366767E-07,1.91571177352725E-06,2.90659717362755E-07
YM3-MS,4.5,NT,EC,M,D218,191110,200114,60511658,974517,911587,0.9354244205078,4,386.988786084208,6512.55984960552,105659771,35935127,30482738,26109659,13132247,66417865,39241906,140,1.32500760388739E-06,17,1.6089378047204E-07,0,1,7,1,14,0,10,13,7,77,7,3,5,12,1,1,21,17,90,10,1.5056190077775E-08,1.5056190077775E-08,3.16179991633275E-07,4.33210354257512E-07,2.2934665813633E-06,2.54829620151478E-07
YM5-MS,4.5,NT,EC,M,D226,191110,200114,59145360,1873466,1743556,0.930657935612389,44,452.067088368023,12864.2879684418,208710208,71684093,59265110,51284006,26476999,130949203,77761005,322,1.54280906087737E-06,62,2.970626142062E-07,7,1,11,1,32,0,52,28,29,102,42,17,9,53,8,1,43,94,130,46,6.10923916810704E-08,7.6365489601338E-09,3.28371605285753E-07,1.20883211321664E-06,1.67178909274642E-06,5.91556140510273E-07
YM7-MS,4.5,NT,EC,M,D234,191110,200114,49409798,1718877,1528521,0.889255601186123,4,391.487951886105,11165.4517998028,181130600,62195195,52407712,44058779,22468914,114602907,66527693,260,1.43542835942684E-06,38,2.0979337560854E-07,4,3,13,3,17,1,36,24,6,118,28,7,8,30,7,4,30,64,142,13,6.10804750354195E-08,3.49031285916683E-08,2.61773464437512E-07,9.62005401269514E-07,2.13444948406673E-06,1.9540734713287E-07
YM13-MS,4.5,NT,He,M,D139,200522,200610,59539474,1850907,1808325,0.976993981869429,10,433.728365568161,13198.8858481262,214138724,73801739,61775805,51902244,26658936,135577544,78561180,243,1.1347784065436E-06,21,2.8454614057265E-07,3,0,8,1,16,0,45,19,42,55,32,22,10,11,4,0,24,77,74,64,2.95034109778534E-08,0,1.7702046586712E-07,9.80127844311911E-07,9.41941045182875E-07,8.14651714752757E-07
YM14-MS,4.5,NT,He,M,D187,191110,200114,48787602,1719472,1621165,0.942827216726995,7,397.607989493414,11843.8802391519,192155113,65952591,55292088,47289872,23620562,121244679,70910434,291,1.51440154496435E-06,15,7.806193530744E-08,4,0,6,2,9,1,82,18,39,43,49,38,4,11,6,1,15,131,61,77,4.94867077836876E-08,8.24778463061459E-09,1.23716769459219E-07,1.84740090576797E-06,8.60240116426308E-07,1.08587686827583E-06
YM3-MS,4.5,NT,He,M,D219,191110,200114,74299310,2804860,2662633,0.949292656317962,8,394.313217158049,19266.4616000986,312579073,107389952,89583704,76669642,38935775,196973656,115605417,246,7.870008623386E-07,32,1.0237409591396E-07,3,1,8,3,14,0,62,16,32,52,34,21,12,20,6,1,22,96,68,53,3.04609262062943E-08,5.07682103438239E-09,1.11690062756412E-07,8.30410914049123E-07,5.88207730784795E-07,4.5845602546462E-07
YM5-MS,4.5,NT,He,M,D227,191110,200114,46815498,1484544,1392112,0.937737109846525,7,452.763185915441,10271.3284640039,166642033,57965726,47014018,40494040,21168249,104979744,61662289,160,9.6014191089471E-07,16,9.601419108947E-08,2,0,6,1,12,0,38,20,21,21,23,16,7,9,3,0,18,61,41,37,2.85769414716805E-08,0,1.71461648830083E-07,9.89259415913023E-07,6.64912066433343E-07,6.00042596537407E-07
YM7-MS,4.5,NT,He,M,D235,191110,200114,88816002,1863796,1758243,0.943366656007417,82,431.440026993649,12906.9426775148,209402238,72009209,60434499,51135260,25823270,132443708,76958530,287,1.37056796881034E-06,32,1.5281594077328E-07,2,0,13,0,22,1,63,29,48,48,38,23,10,22,2,1,35,101,77,71,1.51007551072188E-08,7.55037755360942E-09,2.6426321437633E-07,1.31239513020844E-06,1.00053886164406E-06,9.22574794502962E-07
YM13-MS,4.5,NT,Hi,M,D143,200522,200610,96781270,1829086,1788595,0.977862713945654,18,458.687504656968,12939.554857002,209921762,72273605,60393145,51479826,25775186,132666750,77255012,168,8.0029816060709E-07,32,4.4276191840714E-07,3,1,3,1,7,0,10,20,9,104,4,6,9,23,4,1,10,14,124,15,3.01507348299404E-08,7.53768370748511E-09,7.53768370748511E-08,1.81218015990988E-07,1.60507385592018E-06,1.94162159990345E-07
YM14-MS,4.5,NT,Hi,M,D188,191110,200114,157179232,2431181,2347523,0.965589563261641,7,363.263197022046,16416.4251725838,266313663,91265622,76489797,65770387,32787857,167755419,98558244,272,1.0213520287917E-06,48,1.8023859331618E-07,4,0,4,2,17,0,17,41,14,153,14,6,11,37,6,0,21,31,194,20,3.57663557801373E-08,0,1.2518224523048E-07,3.14534824707307E-07,1.96837922558766E-06,2.02925693359553E-07
YM3-MS,4.5,NT,Hi,M,D220,191110,200114,45321400,1192988,1010762,0.84725244512099,3,414.12784941442,7388.43164447732,119857451,41148162,34568286,29260243,14880760,75716448,44141003,127,1.05959203153753E-06,13,1.084621764566E-07,3,0,3,0,5,0,12,22,3,73,5,1,3,10,3,0,8,17,95,4,3.9621509978915E-08,0,1.05657359943773E-07,3.8512944529149E-07,2.15219395898186E-06,9.06186930097624E-08
YM5-MS,4.5,NT,Hi,M,D228,191110,200114,94854032,1992800,1871703,0.939232737856283,4,383.214725434832,13458.4095167653,218349236,74594199,62735040,53577716,27442281,137329239,81019997,233,1.06709784869593E-06,45,2.060918591902E-07,7,0,5,3,11,0,20,40,7,120,16,4,11,34,10,0,16,36,160,11,7.28177049025954E-08,0,1.16508327844153E-07,4.44334748617678E-07,1.97482110496746E-06,1.35768950966513E-07
YM7-MS,4.5,NT,Hi,M,D236,191110,200114,59605936,1014000,928949,0.916123274161736,3,385.369938045621,6717.5044995069,108984793,36906717,31429361,26930896,13717819,68336078,40648715,117,1.073544269612E-06,16,1.4680947276745E-07,4,0,4,0,9,0,7,25,4,57,4,3,4,12,4,0,13,11,82,7,5.85342342883652E-08,0,1.90236261437187E-07,2.70611260405157E-07,2.01728394120208E-06,1.72207165712372E-07
YM13-MS,4.5,NT,K,M,D140,200518,200610,89497680,2010257,1966066,0.978017238591881,11,384.507973415941,14212.081545858,230576811,79234566,66475072,56612428,28254745,145709638,84867173,602,2.61084363769781E-06,41,5.1745093170574E-07,3,1,13,5,40,1,117,33,60,217,63,49,8,33,8,2,53,180,250,109,5.49037119974178E-08,1.37259279993544E-08,3.63737091982893E-07,2.12096142285781E-06,2.94577975396918E-06,1.28435997273056E-06
YM14-MS,4.5,NT,K,M,D189,191110,200114,58443554,1681489,1540245,0.916000639909033,4,391.340099482206,11166.6706730769,181168065,61544779,52435490,44353149,22834647,113980269,67187796,465,2.5666775212287E-06,43,2.373486740061E-07,2,0,16,2,22,1,50,33,30,269,29,11,5,38,4,1,38,79,302,41,3.50937932950483E-08,8.77344832376207E-09,3.33391036302959E-07,1.17580877336712E-06,4.49486391844138E-06,6.10229869722174E-07
YM3-MS,4.5,NT,K,M,D221,200522,200610,73649642,1993458,1953645,0.980028172151106,12,408.898783610551,14088.0842578895,228565079,78654815,65908579,55718345,28283340,144563394,84001685,523,2.2881885644482E-06,61,7.7554056925822E-07,3,1,18,5,32,0,61,35,18,309,26,15,13,48,8,1,50,87,344,33,5.5339043852277E-08,6.91738048153463E-09,3.45869024076731E-07,1.03569351019566E-06,4.09515594835985E-06,3.92849262488008E-07
YM5-MS,4.5,NT,K,M,D229,191110,200114,56788900,1396679,1282842,0.918494514487581,43,412.434395224271,9393.50302021696,152389826,51907360,43225224,37571037,19686205,95132584,57257242,315,2.06706712822154E-06,37,2.4279836109269E-07,1,0,5,0,17,0,33,23,23,176,23,14,10,27,1,0,22,56,199,37,1.05116455156942E-08,0,2.31256201345272E-07,9.78042218659432E-07,3.47554288416477E-06,6.46206465899982E-07
YM7-MS,4.5,NT,K,M,D237,191110,200114,59440104,1823710,1651880,0.905779975983024,4,340.952319250266,11579.8623643984,187871687,64080038,53754363,46905561,23131725,117834401,70037286,454,2.41654294614388E-06,56,2.9807578190321E-07,1,1,11,1,37,1,83,30,25,195,55,14,9,47,2,2,48,138,225,39,1.69729720949657E-08,1.69729720949657E-08,4.07351330279177E-07,1.97037903496146E-06,3.21257451352412E-06,5.56846249010848E-07
YM13-MS,4.5,NT,L,M,D141,200516,200610,63481660,1667350,1618895,0.970938915044832,8,404.613796765816,11745.076984714,190552129,65361254,54886292,46941631,23362952,120247546,70304583,305,1.60061187246037E-06,38,5.8138419437302E-07,3,3,10,1,28,1,56,26,13,103,40,21,9,29,4,4,38,96,129,34,3.3264712113127E-08,3.3264712113127E-08,3.16014765074707E-07,1.36548708353764E-06,1.83487326850371E-06,4.83610008752915E-07
YM14-MS,4.5,NT,L,M,D190,200519,200610,45096140,1279719,1247107,0.97451628052721,11,458.031943495788,9156.84424309665,148560641,50960197,42647494,36463149,18489801,93607691,54952950,245,1.64915820469568E-06,38,7.4568000590736E-07,4,0,6,1,22,2,47,13,18,101,26,5,9,29,5,2,28,73,114,23,5.34144144202852E-08,2.13657657681141E-08,2.99120720753597E-07,1.32840912089342E-06,2.07450191481986E-06,4.18539860007516E-07
YM3-MS,4.5,NT,L,M,D222,200519,200610,93287516,1326324,1303651,0.982905383601594,27,442.269905141953,9376.41629684418,152115192,52300599,43862769,37092640,18859184,96163368,55951824,238,1.56460375108359E-06,32,6.1184767692622E-07,5,0,7,1,40,2,25,18,10,107,18,5,4,28,6,2,47,43,125,15,6.23938213145779E-08,2.07979404381926E-08,4.88751600297527E-07,7.68518288161616E-07,2.23406479116749E-06,2.68087774940098E-07
YM5-MS,4.5,NT,L,M,D230,191110,200114,62181506,751699,714665,0.950732939647386,9,388.113122065865,5095.21862672584,82664827,28283923,23638171,20661299,10081434,51922094,30742733,119,1.43954816478355E-06,14,1.693586076216E-07,2,1,7,1,9,1,8,6,1,78,2,3,6,8,3,2,16,10,84,4,5.77788715532159E-08,3.85192477021439E-08,3.08153981617151E-07,3.25280123923921E-07,2.73235304096093E-06,1.30112049569568E-07
YM7-MS,4.5,NT,L,M,D238,191110,200114,46262644,1540705,1426632,0.925960518074518,5,433.937014494591,10494.1007766272,170256291,58947042,48165954,41452583,21690712,107112996,63143295,272,1.59759148048162E-06,65,3.8177737585039E-07,0,1,6,2,14,2,45,31,32,85,34,20,11,54,2,3,20,79,116,52,1.86718705916881E-08,2.80078058875321E-08,1.86718705916881E-07,1.25112254594886E-06,1.837091333292E-06,8.23523701130896E-07
YM13-MS,4.5,NT,M,M,D138,200518,200610,71563066,1440536,1405200,0.975470241632281,15,451.803634310506,10174.0860453649,165056297,56681237,47506791,40537834,20330435,104188028,60868269,170,1.02995161705342E-06,33,5.8220324302379E-07,3,0,10,1,20,0,17,10,18,68,12,11,9,24,4,0,30,29,78,29,3.83921269725923E-08,0,2.87940952294442E-07,4.76438717191054E-07,1.28145586003111E-06,4.76438717191054E-07
YM14-MS,4.5,NT,M,M,D191,191110,200114,54990868,2231479,2095974,0.939275700107418,7,368.360995677047,14981.7766272189,243064344,83561712,70036428,59286065,30180139,153598140,89466204,220,9.0511013001561E-07,35,1.4399479341158E-07,3,0,6,0,33,0,19,22,24,83,16,14,10,25,3,0,39,35,105,38,1.95314865140945E-08,0,2.53909324683229E-07,3.91209176595891E-07,1.17362752978767E-06,4.24741391732682E-07
YM3-MS,4.5,NT,M,M,D223,200516,200610,81306466,1507561,1477212,0.979868807962,16,431.843643290433,10691.798754931,173463743,59533158,49841217,42495904,21593464,109374375,64089368,133,7.6673083204483E-07,31,5.2071821891256E-07,0,0,7,0,20,0,31,10,2,47,13,3,11,20,0,0,27,44,57,5,0,0,2.46858553477448E-07,6.86541330849136E-07,8.89383087690926E-07,7.80160603237654E-08
YM5-MS,4.5,NT,M,M,D231,200518,200610,58689030,2087600,2031754,0.973248706648783,8,422.856511534259,14810.8298200197,240290903,82612953,69399205,58410809,29867936,152012158,88278745,278,1.15693102206204E-06,27,3.2682526189325E-07,0,1,3,2,26,1,78,25,4,76,56,6,8,19,2,2,29,134,101,10,1.31568423625694E-08,1.31568423625694E-08,1.90774214257257E-07,1.51791917748717E-06,1.14410326064332E-06,1.13277550558744E-07
YM7-MS,4.5,NT,M,M,D239,191110,200114,70407260,2370409,2210952,0.932730174412939,5,390.869776676851,16027.7803254438,260034708,88874339,73562096,64250033,33348240,162436435,97598273,189,7.2682605123621E-07,36,1.3844305737833E-07,0,0,6,3,12,0,57,11,0,69,31,0,9,27,3,0,18,88,80,0,1.84687628733049E-08,0,1.10812577239829E-07,9.01655298757182E-07,8.19686635233802E-07,0
YM13-MS,4.5,NT,R,M,D254,191110,200114,37929370,1162019,1078732,0.928325612576042,6,447.347130116168,7915.11717209073,128391463,43933966,36888074,31767846,15801577,80822040,47569423,100,7.7886798439239E-07,19,1.4798491703455E-07,2,1,1,0,8,0,2,15,3,64,1,3,10,9,2,1,9,3,79,6,2.47457252996831E-08,1.23728626498416E-08,1.11355763848574E-07,6.30657218608685E-08,1.66073067566954E-06,1.26131443721737E-07
YM14-MS,4.5,NT,R,M,D192.2,200522,200610,88035230,1198179,1173967,0.979792668708098,28,444.353576050033,8379.11273422091,135936657,46828694,39104827,33205526,16797610,85933521,50003136,152,1.11816785372322E-06,22,4.69797428047E-07,3,1,6,1,14,0,11,13,4,90,2,7,6,16,4,1,20,13,103,11,4.65476097505652E-08,1.16369024376413E-08,2.32738048752826E-07,2.59983693822723E-07,2.05987080490312E-06,2.19986202465381E-07
YM3-MS,4.5,NT,R,M,D224,191110,200114,61232004,394743,375695,0.951745819431883,7,408.390641199008,2720.50425295858,44137461,14968374,12683902,10954711,5530474,27652276,16485185,53,1.20079403751838E-06,6,1.3593894764359E-07,0,0,0,0,3,1,3,16,1,28,1,0,1,5,0,1,3,4,44,1,0,3.61633885037167E-08,1.0849016551115E-07,2.42642105623928E-07,2.66906316186321E-06,6.06605264059821E-08
YM5-MS,4.5,NT,R,M,D232,200516,200610,53178568,1817799,1711476,0.941510034937856,6,443.891613399962,12549.7049432939,203606413,69880101,58461875,50307823,24956614,128341976,75264437,208,1.0215788242387E-06,26,3.7206586178231E-07,2,1,1,3,16,0,12,27,10,123,6,7,11,15,5,1,17,18,150,17,3.8958415288853E-08,7.79168305777059E-09,1.324586119821E-07,2.39156774666367E-07,1.99297312221973E-06,2.25870287184902E-07
YM7-MS,4.5,NT,R,M,D240,191110,200114,29143182,322841,295994,0.916841417292103,4,408.497937120794,2155.11871301775,34964646,11827742,10106186,8645914,4384804,21933928,13030718,47,1.34421495358483E-06,7,2.0020222712966E-07,0,0,2,1,3,0,5,6,3,22,3,2,3,4,1,0,5,8,28,5,4.55914690702003E-08,0,2.27957345351001E-07,6.13933936717839E-07,2.14876877851244E-06,3.83708710448649E-07
JW24-LF,26,NT,C,M,D145,191110,200114,41941404,533622,501779,0.940326673188137,6,390.833228206855,3588.8192800789,58224410,19705627,16770580,14535799,7212404,36476207,21748203,132,2.26709038356937E-06,14,2.4044898007554E-07,0,0,5,1,10,0,5,13,9,80,8,1,3,11,1,0,15,13,93,10,2.74151311840072E-08,0,4.11226967760107E-07,5.97750535986812E-07,4.27621537282873E-06,4.5980810460524E-07
JW24-NP,26,NT,C,M,D161,191110,200114,95788480,2377578,2289023,0.962754113640015,12,386.433522146425,16563.3168145957,268723252,92187901,76982470,65628509,33924372,169170371,99552881,446,1.6597000694231E-06,67,2.4932714047387E-07,6,2,19,3,60,0,27,72,8,226,16,7,19,48,9,2,79,43,298,15,5.32008054767463E-08,1.18224012170547E-08,4.66984848073662E-07,4.31931246670802E-07,2.99338398855579E-06,1.50673690699117E-07
JW24-R,26,NT,C,M,D81,200516,200610,84494110,1802788,1770121,0.981879732946969,17,406.628562449208,12507.5013560158,202921702,70074192,58528109,49382560,24936841,128602301,74319401,469,2.31123628166691E-06,55,7.8488240007106E-07,6,1,20,3,47,1,30,92,18,222,16,13,13,42,9,2,67,46,314,31,6.99831957128046E-08,1.55518212695121E-08,5.20986012528656E-07,6.18950090838326E-07,4.22500714180945E-06,4.17118539478003E-07
JW26-NP,26,NT,C,M,D89,200518,200610,61925234,1471359,1430143,0.971987801753345,8,472.78451031336,10500.2867357002,170356652,58658885,48808908,41744293,21144566,107467793,62888859,339,1.98994284062356E-06,40,6.8190863157389E-07,2,1,14,1,20,2,22,63,22,162,13,17,11,29,3,3,34,35,225,39,2.7915340180104E-08,2.7915340180104E-08,3.16373855374512E-07,5.5653736697624E-07,3.57774021627583E-06,6.2014163748781E-07
OM7-MS,26,NT,C,M,D128,200519,200610,57548414,1004773,985648,0.98096584999796,21,423.444519992843,7002.92443293886,113610232,39136915,32681179,27727880,14064258,71818094,41792138,207,1.82201898857138E-06,26,6.6433442697259E-07,3,0,8,1,16,0,8,34,8,121,7,1,7,19,4,0,24,15,155,9,5.56962706361993E-08,0,3.34177623817196E-07,3.58919182359132E-07,3.70883155104436E-06,2.15351509415479E-07
OM8-MS,26,NT,C,M,D135,200518,200610,48200980,1231769,1190980,0.966885836548898,8,482.959112832957,8710.86692554241,141325105,48519202,40601492,34854204,17350207,89120694,52204411,300,2.12276509541599E-06,43,8.8624705740214E-07,0,0,11,2,27,0,15,45,5,179,5,11,10,33,2,0,38,20,224,16,2.24414769481037E-08,0,4.2638806201397E-07,3.83109388974813E-07,4.29082515651791E-06,3.0648751117985E-07
JW24-LF,26,NT,EC,M,D146,191110,200114,56210194,1059314,1010782,0.954185444542411,12,463.552261849943,7426.17726824458,120482300,41718352,33921436,29383229,15459283,75639788,44842512,299,2.4816923315707E-06,51,4.2329869200704E-07,1,1,9,1,31,3,18,15,1,209,10,0,11,40,2,4,40,28,224,1,2.64411105964496E-08,5.28822211928992E-08,5.28822211928992E-07,6.24407481900211E-07,4.99525985520169E-06,2.23002672107218E-08
JW24-NP,26,NT,EC,M,DN162,191110,200114,51635546,896456,846199,0.943938129701848,57,408.364624838585,6166.42665187377,100044106,34195846,28641453,24496072,12710735,62837299,37206807,351,3.50845256191304E-06,38,3.798324710903E-07,3,1,22,0,29,1,32,26,14,197,18,8,10,28,3,2,51,50,223,22,4.77423448770451E-08,3.18282299180301E-08,8.11619862909766E-07,1.34384012043818E-06,5.99352693715427E-06,5.91289652992798E-07
JW24-R,26,NT,EC,M,D79,200518,200610,84410290,1849206,1800458,0.973638415622705,8,397.499723313693,13121.8488658777,212888876,73573270,61375557,51788611,26151438,134948827,77940049,861,4.04436350164205E-06,253,3.43874888257651E-06,9,4,24,11,68,1,100,94,13,436,78,23,28,225,20,5,92,178,530,36,1.48204326370321E-07,3.70510815925803E-08,6.81739901303477E-07,2.28380662167662E-06,6.80009836791352E-06,4.61893474046956E-07
JW26-NP,26,NT,EC,M,D87,200522,200610,98138190,1496763,1469731,0.981939692523132,25,383.851516373904,10412.0970167653,168925862,58381813,48831420,41128703,20583926,107213233,61712629,714,4.22670626952314E-06,270,4.62472790970024E-06,2,0,11,1,51,2,77,124,17,364,50,15,27,243,3,2,62,127,488,32,2.79816205150721E-08,1.86544136767147E-08,5.78286823978156E-07,2.05792561519296E-06,7.90761968672571E-06,5.18532438473817E-07
OM7-MS,26,NT,EC,M,D249,191110,200114,51043896,729719,681904,0.934474777277281,6,395.43639993252,4881.55627465483,79198369,26991215,22682441,19715955,9808758,49673656,29524713,369,4.65918685774956E-06,55,6.9445874573503E-07,3,1,19,4,38,1,15,27,1,249,9,2,10,45,7,2,57,24,276,3,1.40919766404953E-07,4.02627904014152E-08,1.14748952644033E-06,8.12878350417835E-07,9.3481010298051E-06,1.01609793802229E-07
OM8-MS,26,NT,EC,M,D251.2,200519,200610,69846808,1070206,1050109,0.981221372333924,23,421.582624444756,7432.40285996055,120583304,41516256,34781868,29430571,14854609,76298124,44285180,553,4.58604119853939E-06,66,1.58973872788529E-06,5,3,22,5,50,4,21,49,6,368,8,12,13,53,10,7,72,29,417,18,1.31064821462714E-07,9.17453750238997E-08,9.4366671453154E-07,6.54846610084909E-07,9.41624263466921E-06,4.06456516604426E-07
JW24-LF,26,NT,He,M,D147,191110,200114,65682762,1619998,1485575,0.917022737065108,47,405.279205521481,10847.5160872781,175990101,60151404,50517507,43021030,22300160,110668911,65321190,281,1.59668071330898E-06,46,2.6137833741001E-07,2,0,15,5,42,0,41,19,19,107,17,14,15,31,7,0,57,58,126,33,6.3251729295502E-08,0,5.15049795691945E-07,8.87920137401049E-07,1.92892995366435E-06,5.05195940245424E-07
JW24-NP,26,NT,He,M,D163,191110,200114,62443390,2297664,2141291,0.931942616500933,6,403.262337141671,15525.2360083826,251881429,85758841,72557456,62363721,31201411,158316297,93565132,453,1.79846526120828E-06,61,2.4217744135476E-07,4,0,41,1,65,2,72,36,27,166,22,17,17,44,5,2,106,94,202,44,3.15823455623144E-08,1.26329382249258E-08,6.69545725921066E-07,1.00464775702983E-06,2.15892390340453E-06,4.70260652226729E-07
JW24-R,26,NT,He,M,D76,200519,200610,80938402,1336767,1313230,0.982392593473657,23,377.870536840252,9425.01621055227,152911463,52942591,44181054,36806876,18980942,97123645,55787818,271,1.77226739371397E-06,37,6.9887021585324E-07,1,0,13,2,38,2,46,42,7,98,19,3,8,29,3,2,51,65,140,10,3.08884618158637E-08,2.05923078772425E-08,5.25103850869683E-07,1.16512891757122E-06,2.5095084378457E-06,1.79250602703264E-07
JW26-NP,26,NT,He,M,D84,200516,200610,90484932,1606821,1576917,0.981389339571738,21,367.833819060956,11235.5574457594,182285684,63110576,52753007,43979355,22442746,115863583,66422101,334,1.83228870567806E-06,46,7.2887941951283E-07,3,0,21,4,50,0,39,59,10,115,23,10,11,35,7,0,71,62,174,20,6.04158771785955E-08,0,6.12789611382897E-07,9.33424252870291E-07,2.61960999999082E-06,3.01104597700094E-07
OM7-MS,26,NT,He,M,D125,200522,200610,41653726,1462198,1414784,0.967573475001334,7,467.028212466015,10377.3884985207,168362751,57973709,48494065,40988110,20906867,106467774,61894977,254,1.50864724228698E-06,40,6.8996793011812E-07,4,2,19,3,50,1,20,16,3,117,9,10,12,28,7,3,69,29,133,13,6.57475941969069E-08,2.8177540370103E-08,6.48083428512368E-07,4.6853559700006E-07,2.14880118624166E-06,2.10033198655199E-07
OM8-MS,26,NT,He,M,D132,200518,200610,51376938,1489193,1442673,0.968761604439452,8,511.973693306867,10656.1046597633,172884642,59568609,49324888,42224377,21766768,108893497,63991145,336,1.94349247054576E-06,45,7.5543143872975E-07,5,0,18,3,31,0,47,24,40,89,39,40,8,37,8,0,49,86,113,80,7.34662787071665E-08,0,4.49980957081395E-07,1.34393594613755E-06,1.76586932457608E-06,1.25017297315121E-06
JW24-LF,26,NT,Hi,M,D148,191110,200114,43899278,1151276,1083066,0.940752695270291,6,406.351212688413,7857.98939842209,127488020,43402136,36722460,31587109,15776315,80124596,47363424,375,2.94145285180521E-06,49,3.8434983930255E-07,5,0,8,3,34,1,9,80,2,227,6,0,9,40,8,1,42,15,307,2,9.98444971878548E-08,1.24805621484818E-08,5.24183610236238E-07,3.16700076413394E-07,6.48179489726081E-06,4.22266768551193E-08
JW24-NP,26,NT,Hi,M,D164,200518,200610,64940042,1495955,1447932,0.96789809853906,10,468.715327756114,10573.6225345168,171546452,58860286,49412778,42092159,21181229,108273064,63273388,539,3.14200610805987E-06,59,1.00237365479332E-06,5,1,15,4,49,0,29,97,10,308,19,2,14,45,9,1,64,48,405,12,8.31231671803432E-08,9.23590746448258E-09,5.91098077726885E-07,7.58612767819545E-07,6.40079522847741E-06,1.89653191954886E-07
JW24-R,26,NT,Hi,M,D80,200522,200610,50560324,1647964,1603781,0.973189341514742,9,450.101752469543,11677.9532790927,189452734,65242602,54557443,46126857,23525832,119800045,69652689,578,3.05089289447784E-06,89,1.36413933950703E-06,10,3,15,6,39,1,11,115,11,355,8,4,17,72,16,4,54,19,470,15,1.33555876377175E-07,3.33889690942937E-08,4.50751082772966E-07,2.72782002716363E-07,6.74776533035214E-06,2.15354212670813E-07
JW26-NP,26,NT,Hi,M,D88,200519,200610,69920050,1084104,1055254,0.973388162021356,21,463.729923336449,7557.84750986193,122612427,42208287,35278714,30000853,15124573,77487001,45125426,388,3.16444270367473E-06,57,1.35044570749815E-06,3,0,7,0,22,1,15,63,7,256,8,6,9,48,3,1,29,23,319,13,3.87161712452905E-08,1.29053904150969E-08,3.74256322037809E-07,5.09690479154701E-07,7.06918534131955E-06,2.88085923000483E-07
OM7-MS,26,NT,Hi,,D129,201021,201106,74196434,789944,763320,0.966296345057371,23,394.22602936391,5553.69814099024,90187325,30872351,25978973,22278511,11057490,56851324,33336001,273,3.02703290068754E-06,42,0.000000466,4,0,8,5,15,0,6,56,2,165,10,2,7,35,9,0,23,16,221,4,1.58307658762705E-07,0,4.04564016838025E-07,4.79961588674058E-07,6.62946944356043E-06,1.19990397168515E-07
OM8-MS,26,NT,Hi,M,D136,200516,200610,43691458,1127418,1088652,0.965615237649213,11,489.289142031326,7933.81299309665,128711656,44237537,36968673,31621028,15884418,81206210,47505446,367,2.85133461417045E-06,63,1.42412991934881E-06,7,1,10,3,23,0,6,72,4,235,3,3,7,56,10,1,33,9,307,7,1.23143291627574E-07,1.23143291627574E-08,4.06372862370994E-07,1.89451963044406E-07,6.46241696162583E-06,1.47351526812315E-07
JW24-LF,26,NT,K,M,D149,191110,200114,47669760,1263311,1138203,0.90096817014971,3,381.565695298004,8161.91993343195,132418989,44803139,38021054,33196841,16397955,82824193,49594796,940,7.09867978224785E-06,109,8.2314478326066E-07,4,2,25,4,64,1,34,61,26,685,21,13,15,94,8,3,89,55,746,39,9.65901352036113E-08,3.62213007013543E-08,1.07456525414018E-06,1.10898732197628E-06,1.50419007671692E-05,7.86372828310454E-07
JW24-NP,26,NT,K,M,D165,191110,200114,63968436,1569748,1520950,0.96891348165438,13,334.186432163555,10554.6449704142,171229359,58846095,49206551,42355739,20820974,108052646,63176713,1161,6.78037929231517E-06,139,8.1177667668545E-07,10,0,49,8,115,0,55,75,28,772,26,23,14,125,18,0,164,81,847,51,1.66585462423567E-07,0,1.51777865763695E-06,1.28211798546721E-06,1.34068386875398E-05,8.07259472331205E-07
JW24-R,26,NT,K,M,D77,200516,200610,74307270,2284558,2229830,0.976044381451467,9,359.725962439957,15840.4143244576,256994882,88659261,74102676,62911649,31321296,162761937,94232945,1497,5.82501872547018E-06,214,2.41373543594053E-06,18,3,53,9,127,2,101,85,46,981,37,35,28,186,27,5,180,138,1066,81,1.6588645046661E-07,3.07197130493722E-08,1.1059096697774E-06,1.46445598192861E-06,1.13123918604051E-05,8.59571989392882E-07
JW26-NP,26,NT,K,M,D85,200519,200610,84296844,1106624,1081780,0.977549736857325,29,387.639672099016,7800.45303254438,126554550,43531644,36219860,30974905,15828141,79751504,46803046,819,6.47151761829188E-06,121,2.77958718949369E-06,4,1,18,5,64,2,42,38,20,596,21,8,12,109,9,3,82,63,634,28,1.12850536335967E-07,3.76168454453223E-08,1.02819377550548E-06,1.34606623680006E-06,1.3546126890972E-05,5.98251660800026E-07
OM7-MS,26,NT,K,M,D126,200518,200610,37668698,899837,863326,0.959424873615999,3,406.342144589768,6297.58727810651,102165024,34625582,29298425,25542378,12698639,63924007,38241017,752,7.36064036944777E-06,102,2.94579886050724E-06,2,1,25,2,61,0,42,45,10,540,19,5,16,86,4,1,86,61,585,15,6.2574300137349E-08,1.56435750343373E-08,1.345347452953E-06,1.59514586131431E-06,1.52977103093257E-05,3.92248982290403E-07
OM8-MS,26,NT,K,M,D133,200522,200610,52141550,1898275,1843279,0.971028433709552,7,398.796171154564,13441.0809294872,218068097,75026825,62984323,53241152,26815797,138011148,80056949,1358,6.22741253160016E-06,183,2.43912760535982E-06,6,1,53,7,137,2,90,78,38,868,41,37,25,158,13,3,190,131,946,75,9.41952892095354E-08,2.17373744329697E-08,1.37670038075475E-06,1.63633515436618E-06,1.18165882139725E-05,9.36833103644757E-07
JW24-LF,26,NT,L,M,D150,191110,200114,45451418,1291119,1163465,0.901129175544624,3,404.718404778517,8460.70654585799,137266503,46356914,39603282,34148322,17157985,85960196,51306307,740,5.39097291638587E-06,108,7.8679064185091E-07,8,9,38,4,97,6,63,57,18,402,29,9,16,92,12,15,135,92,459,27,1.39599495561876E-07,1.74499369452345E-07,1.57049432507111E-06,1.79315186337617E-06,8.94626853575721E-06,5.2625109033866E-07
JW24-NP,26,NT,L,M,D166,191110,200114,79121200,3145985,2930898,0.931631269697726,6,362.286144141131,21008.5140532544,340842132,117173013,98661563,82627224,42380332,215834576,125007556,1330,3.90209975567222E-06,187,5.486410934667E-07,12,14,92,9,192,5,149,95,54,578,86,44,29,158,21,19,284,235,673,98,9.72967371085159E-08,8.80303811934192E-08,1.31582253994374E-06,1.87988636462903E-06,5.38367456763974E-06,7.83952611632532E-07
JW24-R,26,NT,L,M,D82,200518,200610,72651292,2424843,2365434,0.975499857104151,8,386.585439594734,17220.4654832347,279384832,96460698,80625219,67826148,34472767,177085917,102298915,1129,4.0410210959484E-06,204,2.11485096240958E-06,11,6,47,13,164,11,94,110,23,570,55,25,27,177,24,17,211,149,680,48,1.35527434403494E-07,9.59985993691412E-08,1.19151202746405E-06,1.45651593665485E-06,6.64718682500201E-06,4.692131876472E-07
JW26-NP,26,NT,L,M,D90,200522,200610,61174716,1930896,1882602,0.974988813483481,9,428.798653651669,13776.0521449704,223502670,77043867,64512242,54180566,27765995,141556109,81946561,852,3.81203499716581E-06,182,2.36229056363435E-06,17,12,44,8,136,11,61,63,11,455,21,13,27,155,25,23,180,82,518,24,1.76608414688765E-07,1.62479741513664E-07,1.27158058575911E-06,1.00065212010544E-06,6.3211926611539E-06,2.92873791250374E-07
OM7-MS,26,NT,L,M,D127,200516,200610,75302350,1493322,1462795,0.979557657357221,19,503.022446999349,10793.3396203156,175111142,60206228,50229719,42894138,21781057,110435947,64675195,772,4.40862866396017E-06,127,2.10941632151411E-06,9,9,26,5,117,6,36,68,17,445,20,14,14,113,14,15,143,56,513,31,1.26770316915017E-07,1.35825339551804E-07,1.29486823706053E-06,8.65865189892354E-07,7.9319436145496E-06,4.79318230118982E-07
OM8-MS,26,NT,L,M,D134,200519,200610,62301086,972380,949816,0.976795080112713,7,469.67102005093,6952.63073224852,112799481,38861695,32320274,27606234,14011278,71181969,41617512,563,4.99115771640829E-06,121,3.11360582702324E-06,4,6,20,5,93,5,37,50,9,314,12,8,15,106,9,11,113,49,364,17,1.26436513718804E-07,1.54533516767427E-07,1.58748067224721E-06,1.17738897990827E-06,8.7463181364614E-06,4.08481890988582E-07
JW24-LF,26,NT,M,M,D151,200522,200610,92668866,2692268,2627339,0.975883158734569,11,418.859086439334,19117.2680596647,310125049,106543676,89301291,75828963,38451119,195844967,114280082,575,1.85409079935365E-06,173,1.62374724145993E-06,6,0,29,7,84,1,73,52,18,259,35,11,31,142,13,1,113,108,311,29,6.63790354132511E-08,5.10607964717316E-09,5.76987000130568E-07,9.45046574257796E-07,2.72138411661273E-06,2.53762506050704E-07
JW24-NP,26,NT,M,M,D167,191110,200114,92714312,1282097,1217047,0.949262809288221,66,196.019458064865,6546.75092455621,106203191,34852425,30225310,27316892,13808564,65077735,41125456,178,1.67603250263921E-06,46,4.3313199506407E-07,4,0,10,1,29,0,7,17,2,101,3,4,6,40,5,0,39,10,118,6,7.68311927266676E-08,0,5.99283303268007E-07,2.4315839804913E-07,2.86926909697974E-06,1.45895038829478E-07
JW24-R,26,NT,M,M,D75,200519,200610,101545286,1589255,1561370,0.982454042932066,24,369.341128141984,10944.597571499,177565151,61109035,51152296,43096202,22207618,112261331,65303820,485,2.73139181460218E-06,92,1.50550569158881E-06,2,1,14,2,40,0,92,44,49,157,47,37,15,77,4,1,54,139,201,86,3.56311471133368E-08,8.90778677833421E-09,4.81020486030047E-07,2.12851254337036E-06,3.07792101595282E-06,1.31692142971116E-06
JW26-NP,26,NT,M,M,D83,200516,200610,77552396,1767926,1731783,0.979556271020393,17,354.443181205109,12226.0313732742,198355133,68208908,56925040,48602441,24618744,125133948,73221185,487,2.45519232416335E-06,98,1.43676248269508E-06,7,1,29,1,60,1,57,52,25,198,36,20,21,77,8,2,89,93,250,45,6.39314920360381E-08,1.59828730090095E-08,7.11237848900923E-07,1.27012421336803E-06,3.41431240152696E-06,6.14576232274853E-07
OM7-MS,26,NT,M,M,D124,200522,200610,49201300,1604908,1556676,0.969947187003866,9,469.885978309956,11388.869637574,184762664,63534250,53179082,45039900,23009432,116713332,68049332,360,1.9484456015421E-06,99,1.55821466374436E-06,6,2,28,1,55,0,27,29,20,162,21,9,20,79,7,2,83,48,191,29,5.99760102813276E-08,1.71360029375222E-08,7.1114412190717E-07,7.05370627297267E-07,2.80678728778704E-06,4.26161420658766E-07
OM8-MS,26,NT,M,M,D131,200522,200610,25257396,853588,818999,0.959478108876882,5,442.731552070975,6000.63443047337,97354293,33398373,28097513,23709180,12149227,61495886,35858407,278,2.85554947227648E-06,59,1.76655311921931E-06,5,0,15,1,40,0,24,27,13,140,8,5,12,47,6,0,55,32,167,18,9.75675023203991E-08,0,8.94368771270325E-07,8.92398817381932E-07,4.65720632821196E-06,5.01974334777337E-07
JW24-LF,26,NT,R,M,D152,201021,201106,67942772,771783,738169,0.956446306798673,4,379.532332730253,5310.24676360513,86226108,29542078,24805818,21313149,10565063,54347896,31878212,298,3.45602981407905E-06,33,0.000000383,3,1,10,3,26,0,14,46,7,185,1,2,8,25,6,1,36,15,231,9,1.10399857981623E-07,1.83999763302704E-08,6.62399147889736E-07,4.70540819541573E-07,7.24632862094022E-06,2.82324491724944E-07
JW24-NP,26,NT,R,M,D168,191110,200114,45025128,514499,485670,0.943966849303886,6,432.496543859958,3538.74439102564,57403061,19495928,16491800,14280511,7134822,35987728,21415333,184,3.20540397662766E-06,18,3.1357212814836E-07,1,1,6,0,9,1,4,40,1,117,3,1,9,9,1,2,15,7,157,2,2.77872501426042E-08,5.55745002852083E-08,4.16808752139063E-07,3.26868603911039E-07,7.33119583057616E-06,9.33910296888683E-08
JW24-R,26,NT,R,M,D78,200522,200610,68007102,1437763,1405941,0.977867005897356,17,444.26888552205,10101.1129807692,163880457,56442028,47252271,40049935,20136223,103694299,60186158,526,3.20965665845074E-06,69,1.22249328107062E-06,2,1,15,3,30,2,16,84,8,335,18,12,11,58,5,3,45,34,419,20,4.82186585783274E-08,2.89311951469965E-08,4.33967927204947E-07,5.64913945827876E-07,6.96173362652589E-06,3.32302321075221E-07
JW26-NP,26,NT,R,,D86,201021,201106,62372912,779835,740536,0.949606006398789,3,382.641879706317,5374.5791766366,87268330,29824509,25124547,21601899,10717375,54949056,32319274,329,3.76998161876135E-06,23,0.000000264,4,2,6,0,17,0,10,52,14,205,12,7,5,18,4,2,23,22,257,21,7.27946991482438E-08,3.63973495741219E-08,4.18569520102402E-07,6.80708359971205E-07,7.95191129602726E-06,6.49767070881605E-07
OM7-MS,26,NT,R,M,D250,200519,200610,71977274,718741,703478,0.978764255830682,43,443.698278815371,4953.12124013807,80355660,27696513,23095591,19632533,9931023,50792104,29563556,243,3.02405580390977E-06,35,1.26369698597076E-06,1,0,3,0,21,0,6,41,7,164,0,0,10,25,1,0,24,6,205,7,1.96880995518516E-08,0,4.72514389244439E-07,2.02952581211814E-07,6.93421319140363E-06,2.36778011413783E-07
OM8-MS,26,NT,R,M,D252,200516,200610,72470792,1723274,1682423,0.976294541668939,14,458.351471045239,12134.0424063116,196853694,67823886,56656377,48134573,24238858,124480263,72373431,584,2.96667026223038E-06,61,8.9938815950475E-07,7,1,10,4,35,0,9,113,13,381,3,8,13,48,11,1,45,12,494,21,8.83674225527624E-08,8.03340205025113E-09,3.61503092261301E-07,1.65806703291433E-07,6.82570928549733E-06,2.90161730760008E-07
OM3-MS-P,26,perf,B,M,D110,191110,200114,89628154,2431043,2309181,0.949872544418178,7,394.422682389825,16702.590668146,270982831,92766791,77927188,67270661,33018191,170693979,100288852,830,3.06292467658219E-06,57,2.1034542959661E-07,9,5,120,8,213,3,58,39,22,292,37,24,16,41,17,8,333,95,331,46,9.95934367433078E-08,4.68674996439095E-08,1.95085967267773E-06,9.47263809540865E-07,3.30046653640028E-06,4.58675107777682E-07
OM4-MS-P,26,perf,B,M,D114,191110,200114,48792586,626121,551874,0.88141748959067,29,409.685391391732,3983.44144477318,64627354,21753914,18613810,16083129,8176501,40367724,24259630,207,3.20297810738159E-06,21,3.2493980799523E-07,1,2,34,2,62,0,4,6,2,91,2,1,7,14,3,2,96,6,97,3,7.43167982420807E-08,4.95445321613872E-08,2.37813754374658E-06,2.47324464552839E-07,3.99841217693757E-06,1.2366223227642E-07
OM6-MS-P,26,perf,B,M,D118,191110,200114,116030308,2053860,1952125,0.950466438803034,4,376.301283813518,13908.6458333333,225653870,76841217,64968067,55533373,28311213,141809284,83844586,655,2.90267567757646E-06,50,2.215782959982E-07,4,1,105,3,179,1,20,34,5,283,8,12,12,38,7,2,284,28,317,17,4.93620713859609E-08,1.41034489674174E-08,2.00268975337327E-06,3.33951198709479E-07,3.78080464253232E-06,2.02756084930755E-07
OM3-MS-P,26,perf,C,M,D241,191110,200114,72059102,1607876,1515185,0.942351897783162,64,444.408968810311,11085.5205251479,179827106,61548790,51141815,44316907,22819594,112690605,67136501,310,1.72387804539322E-06,41,2.2799677374556E-07,3,2,12,2,35,0,30,46,11,146,17,6,9,32,5,2,47,47,192,17,4.43692710674506E-08,1.77477084269802E-08,4.17071148034035E-07,7.00066272443957E-07,2.85984519806893E-06,2.53215460245687E-07
OM4-MS-P,26,perf,C,M,D243,191110,200114,48564426,542301,485941,0.896072476355382,2,383.726438797439,3503.6633382643,56843434,19236618,16327054,14120906,7158856,35563672,21279762,156,2.74438029201403E-06,16,2.8147490174503E-07,2,1,7,0,14,0,7,19,13,82,8,3,3,13,2,1,21,15,101,16,5.6237162461739E-08,2.81185812308695E-08,5.9049020584826E-07,7.0489510174033E-07,4.74629368505155E-06,7.51888108523018E-07
OM6-MS-P,26,perf,C,M,D245,191110,200114,48939840,768477,704369,0.916577854639762,5,409.916947931166,5099.94514299803,82731353,28250172,23703435,20550823,10226923,51953607,30777746,194,2.34493928801092E-06,21,2.5383363426922E-07,2,0,6,1,20,0,11,33,11,101,5,4,6,15,3,0,26,16,134,15,5.77438251784905E-08,0,5.00446484880251E-07,5.19856132414635E-07,4.35379510897257E-06,4.8736512413872E-07
OM3-MS-P,26,perf,Hi,M,D242,191110,200114,40985012,980644,949426,0.968165817564784,16,420.000713738137,6925.38221153846,112357401,38653538,32121075,27589797,13992991,70774613,41582788,342,3.04385823235623E-06,59,5.251100459328E-07,8,2,8,5,15,1,11,62,3,216,8,3,9,50,13,3,23,19,278,6,1.83681682582991E-07,4.23880805960748E-08,3.24975284569906E-07,4.56919819806214E-07,6.68545841611198E-06,1.44290469412489E-07
OM4-MS-P,26,perf,Hi,M,D244,191110,200114,51730580,1654124,1459618,0.882411475802298,4,361.543790875695,10418.5094304734,169000754,58142209,48723277,41114564,21020704,106865486,62135268,560,3.31359468372549E-06,89,5.266248693778E-07,3,2,18,2,37,1,10,103,2,370,6,6,10,79,5,3,55,16,473,8,4.67877907746567E-08,2.8072674464794E-08,5.14665698521223E-07,2.57502711664493E-07,7.61242391358158E-06,1.28751355832247E-07
OM6-MS-P,26,perf,Hi,M,D246,191110,200114,51093242,1730216,1609330,0.930132422772648,6,456.662455861476,11838.5400024655,192041434,66685720,54193453,46803985,24358276,120879173,71162261,416,2.16619919636718E-06,57,2.9681094757916E-07,6,1,6,3,23,0,12,95,7,249,8,6,9,48,9,1,29,20,344,13,7.4454513351113E-08,8.27272370567922E-09,2.39908987464697E-07,2.81047843603508E-07,4.83402290998033E-06,1.8268109834228E-07
OM3-MS-P,26,perf,K,M,D108,191110,200114,72241756,1611955,1480253,0.918296726645595,4,344.548331284433,10459.2609714004,169678520,57474276,49061278,42075729,21067237,106535554,63142966,1045,6.15870529752381E-06,158,9.3117266699403E-07,6,0,46,4,116,1,74,62,37,658,25,16,22,136,10,1,162,99,720,53,9.38653775621235E-08,9.38653775621235E-09,1.5206191165064E-06,1.56787060018688E-06,1.14026952740864E-05,8.39365068786918E-07
OM4-MS-P,26,perf,K,M,D112,191110,200114,79321074,998840,914272,0.915333787193144,39,435.124352737183,6626.69021203156,107511422,37595145,30028879,26138063,13749335,67624024,39887398,631,5.86914383850304E-06,74,6.8829896045836E-07,4,0,27,1,45,1,23,39,10,460,15,6,13,61,5,1,72,38,499,16,7.39382205353529E-08,1.47876441070706E-08,1.06471037570908E-06,9.52681847033492E-07,1.25102168860451E-05,4.01129198750944E-07
OM6-MS-P,26,perf,K,M,D117,191110,200114,25241216,527212,454979,0.862990599606989,30,400.591296915608,3302.41487919132,53577936,18201135,15298018,13172582,6906201,33499153,20078783,447,8.34298656073649E-06,60,1.11986396788409E-06,1,1,15,2,35,0,12,26,5,340,3,7,10,50,3,1,50,15,366,12,8.95545030645999E-08,2.98515010215333E-08,1.49257505107666E-06,7.47057229514359E-07,1.82281964001503E-05,5.97645783611487E-07
OM3-MS-P,26,perf,L,M,D109,191110,200114,107770028,2632084,2457470,0.933659412085632,44,377.264592348962,17513.780510355,284143575,97271449,81582202,70723787,34566137,178853651,105289924,1145,4.0296529668144E-06,195,6.8627277600769E-07,16,7,47,12,229,8,46,124,21,592,22,21,29,166,28,15,276,68,716,42,1.56552577168246E-07,8.38674520544174E-08,1.54316111780128E-06,6.45835778169999E-07,6.80027084073116E-06,3.98898568869705E-07
OM4-MS-P,26,perf,L,M,D113,191110,200114,99564138,2076084,1953957,0.941174345546712,5,371.008822041505,13741.8680350099,222948067,76077375,63968827,55196977,27704888,140046202,82901865,1054,4.72755836900797E-06,168,7.535387153637E-07,15,19,52,11,173,16,72,71,30,547,31,17,27,141,26,35,225,103,618,47,1.85653017566303E-07,2.49917523646946E-07,1.60661265201608E-06,1.24243284514769E-06,7.45459707088616E-06,5.66935375941181E-07
OM6-MS-P,26,perf,L,M,D116,191110,200114,53069222,643137,601353,0.935030949859828,6,371.950455757205,4252.0882642998,68985880,23373250,19821879,17266943,8523808,43195129,25790751,337,4.88505763788184E-06,64,9.2772607959774E-07,3,4,17,3,55,3,15,31,5,195,3,3,5,59,6,7,72,18,226,8,1.38904551020093E-07,1.62055309523442E-07,1.66685461224112E-06,6.97924616464251E-07,8.76283129560671E-06,3.10188718428556E-07
OM3-MS-P,26,perf,M,M,D107,191110,200114,102431586,1996193,1937527,0.970611058149187,18,379.958702521109,13865.8491740631,224959537,77372304,64586190,55345909,27655134,141958494,83001043,467,2.07592888137923E-06,150,6.6678657860147E-07,4,1,35,3,96,1,25,35,13,226,22,6,28,122,7,2,131,47,261,19,4.93101878074305E-08,1.40886250878373E-08,9.22804943253343E-07,5.66257944493541E-07,3.14453879814498E-06,2.28912786071857E-07
OM4-MS-P,26,perf,M,M,D111,191110,200114,113949960,2600240,2459352,0.945817309171461,5,389.973457985955,17585.4337401381,285288146,97465284,81899667,70492516,35430679,179364951,105923195,513,1.7981819686262E-06,164,5.7485739347894E-07,5,1,34,3,101,1,13,64,4,280,5,2,29,135,8,2,135,18,344,6,4.46018018313957E-08,1.11504504578489E-08,7.52655405904802E-07,1.69934451089773E-07,3.24763617638233E-06,5.66448170299244E-08
OM6-MS-P,26,perf,M,M,D115,191110,200114,44155384,877378,774733,0.883009375662485,31,408.378445029686,5656.8224852071,91776288,30992538,26469914,22696511,11617325,57462452,34313836,161,1.75426576415904E-06,40,4.3584242587802E-07,0,1,6,1,23,1,8,18,6,97,0,0,8,32,1,2,29,8,115,6,1.7402668441646E-08,3.48053368832921E-08,5.04677384807735E-07,2.33142106292051E-07,3.35141777794823E-06,1.74856579719038E-07
JW21-NP,26,SS31,C,M,D247,191110,200114,110500380,1926714,1811235,0.940064275237529,57,392.650148620008,13114.0256410256,212761952,73061514,60725161,52452765,26522512,133786675,78975277,495,2.32654379858293E-06,54,2.5380477802723E-07,8,0,21,3,50,0,42,74,26,239,20,12,9,45,11,0,71,62,313,38,8.22204453470422E-08,0,5.30695601785454E-07,7.85055809300929E-07,3.96326561792243E-06,4.81163237958634E-07
JW21-R,26,SS31,C,M,D69,200522,200610,39541054,1312439,1279113,0.974607581761895,9,456.367665642439,9353.02107988166,151743414,52215394,43652434,37130358,18745228,95867828,55875586,262,1.72659882293145E-06,40,7.6605761128605E-07,4,0,10,2,24,0,18,41,9,145,2,7,10,30,6,0,34,20,186,16,6.25861681147089E-08,0,3.54654952650017E-07,3.57938080506216E-07,3.32882414870781E-06,2.86350464404973E-07
JW22-LF,26,SS31,C,M,D169,191110,200114,46345572,925788,871463,0.94132025906579,4,418.717459194379,6355.55165187377,103112470,34938076,29438597,25579505,13156292,64376673,38735797,194,1.88144072196118E-06,9,8.728333246212E-08,4,0,10,2,17,0,12,32,8,99,6,4,4,5,6,0,27,18,131,12,9.3201461342993E-08,0,4.19406576043468E-07,4.64686450107119E-07,3.38188472022403E-06,3.09790966738079E-07
JW22-NP,26,SS31,C,M,D193,191110,200114,131772120,683841,657114,0.960916353362843,10,383.911436265251,4708.5557199211,76391608,25993100,21960152,18934505,9503851,47953252,28438356,192,2.51336508062509E-06,30,3.9271329384767E-07,1,1,12,2,16,0,12,42,7,88,7,4,8,22,3,1,28,19,130,11,6.25609291315634E-08,2.08536430438545E-08,5.83902005227925E-07,6.68111757233787E-07,4.57129097054696E-06,3.86801543661666E-07
JW55-RB,26,SS31,C,M,D153,191110,200114,34111866,559355,506197,0.904965540667376,38,449.768136354181,3718.99056952663,60336259,20509877,17197158,14798107,7831117,37707035,22629224,95,1.57450928470723E-06,21,3.4804942083002E-07,1,1,7,0,7,0,8,12,2,50,3,4,7,14,1,1,14,11,62,6,2.65202501336952E-08,2.65202501336952E-08,3.71283501871733E-07,4.86097092856565E-07,2.73981997791882E-06,2.65143868830853E-07
JW21-NP,26,SS31,EC,M,D105,200516,200610,32401258,806731,785947,0.97423676541499,12,519.781122946496,5787.87592455621,93902499,32345949,26824555,23010189,11721806,59170504,34731995,318,3.38649134353709E-06,44,1.36029398921021E-06,2,0,17,2,30,1,12,25,1,223,3,2,12,32,4,1,47,15,248,3,6.76012494333325E-08,1.69003123583331E-08,7.94314680841657E-07,4.31878445220322E-07,7.14039029430932E-06,8.63756890440644E-08
JW21-R,26,SS31,EC,M,D67,191110,200114,17353860,174008,159976,0.919360029423935,5,384.579833987692,1143.04561143984,18544772,6257420,5364806,4618524,2304022,11622226,6922546,102,5.50020242901881E-06,9,4.8531197903107E-07,2,0,9,0,7,0,11,7,2,56,6,2,4,5,2,0,16,17,63,4,1.72084074083571E-07,0,1.37667259266856E-06,2.4557438838254E-06,9.10069792241178E-06,5.77822090311859E-07
JW22-LF,26,SS31,EC,M,D170,191110,200114,75718966,1606681,1548565,0.963828538459097,13,447.857393479638,11367.8082470414,184419990,63588696,52339958,45109586,23381750,115928654,68491336,558,3.02570236556243E-06,84,4.5548207653628E-07,4,2,18,11,57,2,33,41,3,366,15,6,27,57,15,4,75,48,407,9,1.29389926324858E-07,3.45039803532956E-08,6.46949631624292E-07,7.00818567767462E-07,5.94235743919494E-06,1.31403481456399E-07
JW22-NP,26,SS31,EC,M,D194,191110,200114,70885826,1342750,1280006,0.953272016384286,60,388.603695009349,9304.66863905325,150953579,51753683,43264488,37009428,18925980,95018171,55935408,526,3.48451493157377E-06,73,4.8359237643514E-07,9,1,22,4,42,3,39,37,17,321,19,12,10,63,13,4,64,58,358,29,1.36815935975025E-07,4.20972110692385E-08,6.73555377107817E-07,1.03691028766609E-06,6.40023936180103E-06,5.18455143833044E-07
JW55-RB,26,SS31,EC,M,D154,191110,200114,38270228,766585,713528,0.930787844792163,5,404.153425111959,5137.40538708087,83349265,28263337,23996158,20821263,10268507,52259495,31089770,370,4.43915132305006E-06,56,6.7187155159677E-07,4,4,12,4,39,4,8,36,1,250,4,4,14,42,8,8,51,12,286,5,1.53082229363296E-07,1.53082229363296E-07,9.7589921219101E-07,3.85979053560062E-07,9.19916744318147E-06,1.60824605650026E-07
JW21-NP,26,SS31,He,M,D102,191110,200114,55358858,1904050,1782248,0.936030041227909,6,391.395868872403,12938.5584319527,209903043,71947562,60322072,51822607,25810802,132269634,77633409,261,1.24343123505837E-06,58,2.7631805223519E-07,9,2,23,2,58,1,25,26,5,97,11,2,18,40,11,3,81,36,123,7,8.31634568520844E-08,2.26809427778412E-08,6.12385455001713E-07,4.6371788207832E-07,1.58436943043426E-06,9.01673659596734E-08
JW21-R,26,SS31,He,M,D64,200518,200610,40854694,1217598,1173771,0.964005361375429,6,461.523197047747,8560.46030571992,138884908,47650270,40108046,34035638,17090954,87758316,51126592,191,1.37523941766228E-06,34,7.1353215836972E-07,4,1,22,1,31,2,15,18,4,83,5,5,12,22,5,3,53,20,101,9,5.6974657535589E-08,3.41847945213534E-08,6.03931369877243E-07,3.9118586273069E-07,1.97548860678999E-06,1.76033638228811E-07
JW22-LF,26,SS31,He,M,D171,200519,200610,60999460,1069452,1047145,0.979141653856368,20,447.490700793895,7507.39959319527,121800051,41909961,35050824,29829664,15009602,76960785,44839266,185,1.51888277944974E-06,37,8.8284501147591E-07,3,1,17,3,32,2,17,10,5,83,11,1,10,27,6,3,49,28,93,6,7.79617827442898E-08,3.89808913721449E-08,6.366878924117E-07,6.2445268394893E-07,2.07407498597323E-06,1.33811289417628E-07
JW22-NP,26,SS31,He,M,D195,191110,200114,90646282,2905188,2791258,0.960783949265934,10,376.153876115868,19866.1266642012,322308039,111000913,92722924,79351979,39232223,203723837,118584202,498,1.54510573656526E-06,75,2.3269664707308E-07,8,1,49,2,77,2,59,43,22,181,33,21,25,50,10,3,126,92,224,43,4.90860576123942E-08,1.47258172837183E-08,6.18484325916167E-07,7.75820037141204E-07,1.88895313390902E-06,3.62611539098606E-07
JW55-RB,26,SS31,He,M,D155,200522,200610,56798404,1934325,1874226,0.968930246985383,7,457.453229579661,13707.2201060158,222385939,76578650,64017605,54130242,27659442,140596255,81789684,265,1.19162210161138E-06,44,5.745726778939E-07,6,0,23,2,43,0,22,20,7,123,17,2,16,28,8,0,66,39,143,9,5.69005198609309E-08,0,4.6942928885268E-07,4.76832750692618E-07,1.7483867525396E-06,1.10038327082912E-07
JW21-NP,26,SS31,Hi,M,D248,191110,200114,59374418,1959364,1814184,0.92590452820405,6,395.663071899707,13142.2816198225,213220377,72828635,61016664,52301298,27073780,133845299,79375078,552,2.58887076257257E-06,69,3.2360884532157E-07,11,0,14,4,35,0,21,113,4,334,14,2,13,56,15,0,49,35,447,6,1.12069681281821E-07,0,3.66094292187281E-07,4.40944448583723E-07,5.63149052905498E-06,7.55904769000668E-08
JW21-R,26,SS31,Hi,M,D68,200519,200610,91126130,819651,756699,0.923196580007832,35,240.539026288645,4579.18281558185,74287558,25497901,21159324,18337576,9292757,46657225,27630333,219,2.9480037558914E-06,31,1.21578635041371E-06,4,1,7,1,15,0,16,42,4,122,4,3,3,28,5,1,22,20,164,7,1.07164538825445E-07,2.14329077650889E-08,4.71523970831956E-07,7.23842162886709E-07,5.93550573567101E-06,2.53344757010348E-07
JW22-LF,26,SS31,Hi,M,D172,191110,200114,63347562,1151062,1035092,0.899249562577863,31,406.77279404251,7551.86310404339,122521427,41704352,35362379,29987474,15467222,77066731,45454696,379,3.09333648227914E-06,50,4.0809188420569E-07,3,0,9,5,24,0,16,81,2,231,7,1,7,43,8,0,33,23,312,3,1.03806141718922E-07,0,4.28200334590551E-07,5.05998324133551E-07,6.86397726650729E-06,6.5999781408724E-08
JW22-NP,26,SS31,Hi,M,D196,191110,200114,77540674,2005851,1871378,0.932959626612345,5,406.449307737967,13563.345290927,220051714,75333519,63217254,54506005,26994936,138550773,81500941,685,3.11290463295369E-06,84,3.8172845134031E-07,5,1,21,5,48,1,26,125,12,415,19,7,11,73,10,2,69,45,540,19,7.21757070240236E-08,1.44351414048047E-08,4.98012378465763E-07,5.5214086423861E-07,6.62569037086333E-06,2.33126142678524E-07
JW55-RB,26,SS31,Hi,M,D156,191110,200114,131506026,2796441,2707034,0.968028290244636,15,368.392519257692,19215.8708703156,311758289,107278007,89529003,76852119,38099160,196807010,114951279,865,2.77458540966011E-06,111,3.5604506412979E-07,8,1,19,7,55,2,42,181,12,503,27,8,15,96,15,3,74,69,684,20,7.62167973589965E-08,1.52433594717993E-08,3.76002866971049E-07,6.00254304260503E-07,5.9503470161476E-06,1.73986754858117E-07
JW21-NP,26,SS31,K,M,D103,200522,200610,43296608,1192160,1151156,0.965605287880821,6,520.972775080165,8463.39527859961,137310125,47384099,39230703,33705016,16990307,86614802,50695323,908,6.61276799507684E-06,147,3.10230653536327E-06,8,0,23,2,85,1,18,51,7,701,3,9,19,128,10,1,108,21,752,16,1.15453707323605E-07,1.15453707323605E-08,1.24690003909493E-06,4.14239396403491E-07,1.48337155283536E-05,3.15610968688374E-07
JW21-R,26,SS31,K,M,D65,200516,200610,96838472,2892860,2820144,0.974863629764316,10,437.006770250587,20520.0698964497,332917614,114487158,95866841,81204909,41358706,210353999,122563615,1822,5.47282547807759E-06,212,1.85173606982191E-06,14,3,62,5,187,3,125,111,48,1168,57,39,21,191,19,6,249,182,1279,87,9.03239305662071E-08,2.85233464945917E-08,1.18371887952556E-06,1.48494314564726E-06,1.04353971608948E-05,7.09835459732483E-07
JW22-LF,26,SS31,K,M,D173,191110,200114,95256022,1339248,1284479,0.959104661720607,9,355.358411827055,9001.34769477318,146037865,49780023,41800952,36494388,17962502,91580975,54456890,931,6.37505896159191E-06,130,8.9018009130714E-07,8,2,30,4,88,3,43,59,14,631,20,29,16,114,12,5,118,63,690,43,1.31031581613976E-07,5.45964923391567E-08,1.2884772192041E-06,1.15687840418357E-06,1.2670572998201E-05,7.89615418728466E-07
JW22-NP,26,SS31,K,M,D197,191110,200114,31313240,572907,508109,0.88689612799285,35,447.664256458864,3733.9761464497,60572014,20954221,16880568,14848356,7888869,37834789,22737225,364,6.00937588107934E-06,47,7.7593589673277E-07,2,2,13,1,24,1,18,18,3,267,7,8,13,34,3,3,37,25,285,11,7.9292103360217E-08,7.9292103360217E-08,9.77935941442676E-07,1.09951852083972E-06,1.25345111375729E-05,4.83788149169479E-07
JW55-RB,26,SS31,K,M,D157,191110,200114,76251172,2103739,2006114,0.953594528598842,9,422.143368896994,14745.1229043393,239224874,82210618,68023379,58534420,30456457,150233997,88990877,1118,4.67342706176951E-06,135,5.6432258795965E-07,10,1,44,4,99,0,95,67,27,703,46,22,20,115,14,1,143,141,770,49,9.31879619764094E-08,6.65628299831496E-09,9.51848468759039E-07,1.58443207611045E-06,8.65257233053226E-06,5.5061823921569E-07
JW21-NP,26,SS31,L,M,D106,200518,200610,24693386,688778,647989,0.940780628881875,4,468.968549112457,4751.55769230769,77089272,26170274,22083968,19267688,9567342,48254242,28835030,349,4.52721878084411E-06,73,2.78942436750949E-06,5,3,14,3,56,4,14,33,5,207,2,3,15,58,8,7,70,16,240,8,1.65788533161499E-07,1.45064966516312E-07,1.45064966516312E-06,5.54880643439594E-07,8.32320965159391E-06,2.77440321719797E-07
JW21-R,26,SS31,L,M,D70,200516,200610,72057096,1624912,1591463,0.979414885236862,16,440.91847152919,11443.6505793886,185661787,63934735,53622012,45198300,22906740,117556747,68105040,802,4.31968264961276E-06,129,2.01768256332024E-06,6,12,48,5,122,9,39,45,12,476,15,13,17,112,11,21,170,54,521,25,9.35718304624404E-08,1.78637130882841E-07,1.44611010714681E-06,7.92892860792681E-07,7.6499477865368E-06,3.6708002814476E-07
JW22-LF,26,SS31,L,M,D174,191110,200114,104151022,3440693,3252032,0.945167732198136,7,380.539620851279,23519.0058555227,381572351,131189683,109850468,94238871,46293329,241040151,140532200,1785,4.67801190343584E-06,284,7.4428872861388E-07,22,22,78,16,301,17,181,153,78,749,111,57,32,252,38,39,379,292,902,135,1.576500837821E-07,1.61798770197418E-07,1.57235215140568E-06,2.07781561805764E-06,6.41845783386299E-06,9.60633933006101E-07
JW22-NP,26,SS31,L,M,D198,191110,200114,54382488,1542405,1448884,0.939366768131587,42,431.255424051543,10649.9209812623,172784318,59069137,48919140,42367091,22428950,107988277,64796041,640,3.70403985389461E-06,108,6.2505672534472E-07,5,4,37,6,102,7,49,56,13,309,23,29,17,91,11,11,139,72,365,42,1.0186290869332E-07,1.0186290869332E-07,1.2871767553065E-06,1.11117899934658E-06,5.63306020502086E-06,6.48187749618839E-07
JW55-RB,26,SS31,L,M,D158,191110,200114,89431336,1065468,1025702,0.962677433766195,6,204.572620668891,5779.9732495069,93771073,30672939,26822086,24078340,12197708,57495025,36276048,460,4.90556400053138E-06,80,8.5314156530981E-07,5,4,17,4,79,6,8,42,1,288,4,2,12,68,9,10,96,12,330,3,1.56535282835341E-07,1.73928092039268E-07,1.66970968357697E-06,3.30796783596714E-07,9.09691154890963E-06,8.26991958991784E-08
JW21-NP,26,SS31,M,M,D101,200519,200610,94998356,1629127,1597725,0.980724645776542,20,417.850881907017,11368.8221770217,184439335,63487786,53028311,45196001,22727237,116516097,67923238,266,1.44220862648415E-06,99,1.5593550545297E-06,2,2,15,2,52,1,19,25,6,134,3,5,16,83,4,3,67,22,159,11,3.43300205121014E-08,2.57475153840761E-08,5.75027843577699E-07,3.23895041635088E-07,2.34087780090814E-06,1.61947520817544E-07
JW21-R,26,SS31,M,M,D63,200518,200610,66601634,1495452,1460410,0.976567619689565,15,459.785743859469,10532.7262697239,170875102,58795885,49166604,41838170,21074443,107962489,62912613,297,1.73811161792313E-06,95,1.61575933417789E-06,3,0,23,1,48,0,13,29,10,149,9,12,19,76,4,0,71,22,178,22,3.70499053611111E-08,0,6.57635820159722E-07,3.49691404488318E-07,2.8293213635873E-06,3.49691404488318E-07
JW22-LF,26,SS31,M,M,D175,191110,200114,72654948,2124339,1949605,0.917746649663731,4,349.447034324429,13698.6649408284,222232696,75159986,63910099,55481057,27681554,139070085,83162611,399,1.79541537848238E-06,98,4.409792157676E-07,1,3,26,3,66,1,33,45,18,176,19,8,19,79,4,4,92,52,221,26,2.87624761284931E-08,2.87624761284931E-08,6.6153695095534E-07,6.25280993161699E-07,2.65744422093722E-06,3.12640496580849E-07
JW22-NP,26,SS31,M,M,D199,191110,200114,45962442,1781899,1647951,0.924828511604754,6,420.887091087066,12089.5841962525,196141414,67464474,56189187,47999590,24488163,123653661,72487753,379,1.93227932985127E-06,102,5.2003295948504E-07,5,0,8,1,45,0,51,24,26,154,41,24,17,85,6,0,53,92,178,50,4.85226231999714E-08,0,4.28616504933081E-07,1.26917991236395E-06,2.45558722174765E-06,6.89771691502149E-07
JW55-RB,26,SS31,M,M,D159,191110,200114,50273464,1632146,1535013,0.940487554422215,7,403.752736945027,11128.9938362919,180556796,61424076,52070471,44533291,22528958,113494547,67062249,293,1.62275808217155E-06,97,5.3722707839809E-07,5,0,14,1,52,0,26,31,3,149,7,5,16,81,6,0,66,33,180,8,5.28659760190946E-08,0,5.8152573621004E-07,4.92080126928043E-07,2.68407341960751E-06,1.19292151982556E-07
JW21-NP,26,SS31,R,M,D104,191110,200114,59109744,136735,116568,0.852510330200753,3,416.882377821356,844.901072485207,13706842,4630240,3936911,3411994,1727697,8567151,5139691,56,4.08555085117345E-06,6,4.3773759119716E-07,0,0,1,0,4,0,1,9,2,39,0,0,2,4,0,0,5,1,48,2,0,0,5.83624591185565E-07,1.94564225748202E-07,9.33908283591368E-06,3.89128451496403E-07
JW21-R,26,SS31,R,M,D66,200519,200610,54643128,1110981,1089494,0.980659435219864,17,425.547029971507,7794.96320266272,126459989,43564358,36378555,30899647,15617429,79942913,46517076,429,3.39237733129963E-06,50,1.14772723151343E-06,4,0,12,1,22,0,15,74,11,271,12,7,14,36,5,0,34,27,345,18,6.25446310669215E-08,0,4.25303491255066E-07,5.80432011676744E-07,7.41663126031395E-06,3.86954674451163E-07
JW22-LF,26,SS31,R,M,D176,191110,200114,84019314,1577558,1511702,0.958254466713744,70,400.556990479057,10950.3187869823,177648874,60632745,51141991,43780316,22093822,111774736,65874138,435,2.44865047667006E-06,56,3.1522856711155E-07,6,0,12,5,24,0,13,74,1,282,9,9,10,46,11,0,36,22,356,10,9.84122208081082E-08,0,3.22076359008354E-07,3.33970214532447E-07,5.40424528970687E-06,1.51804642969294E-07
JW22-NP,26,SS31,R,M,D200,191110,200114,55717620,324521,283846,0.874661424068088,36,484.450873499654,2086.19113658777,33846365,11964090,9467502,8112688,4302085,21431592,12414773,97,2.86589121165596E-06,10,2.9545270223257E-07,1,1,6,0,4,0,2,18,0,63,0,2,4,6,1,1,10,2,81,2,4.66600894604563E-08,4.66600894604563E-08,4.66600894604563E-07,1.61098394630333E-07,6.52448498252848E-06,1.61098394630333E-07
JW55-RB,26,SS31,R,M,D160,191110,200114,74507146,1910663,1796590,0.940296640485528,43,421.830932297921,12969.1065088757,210400417,72230884,60335172,52130999,25703362,132566056,77834361,586,2.78516558263285E-06,70,3.3269896038276E-07,2,2,25,1,49,0,11,100,7,370,5,14,16,54,3,2,74,16,470,21,2.2630227454304E-08,1.50868183028693E-08,5.58212277206165E-07,2.05564737661301E-07,6.03846416880072E-06,2.69803718180458E-07
JW27-LB,26,NMN,C,M,D201,200516,200610,81247224,1460786,1434076,0.981715323120567,18,417.65776123961,10225.8906558185,165904850,57235276,47824512,40481714,20363348,105059788,60845062,383,2.30855216107305E-06,44,7.6875666678012E-07,5,0,16,1,43,0,27,67,14,186,20,4,8,36,6,0,59,47,253,18,5.71103379725076E-08,0,5.61584990062992E-07,7.72453810631338E-07,4.15810242744103E-06,2.95833374284342E-07
JW29-R,26,NMN,C,M,D255,200519,200610,38253164,800384,773724,0.966690988325604,10,534.309611293754,5668.83253205128,91971139,31733850,26385474,22443678,11408137,58119324,33851815,197,2.14197629976073E-06,24,7.5629020745986E-07,6,1,11,0,16,0,11,34,3,110,3,2,5,19,6,1,27,14,144,5,1.03235887602547E-07,1.72059812670911E-08,4.64561494211461E-07,4.13567189824238E-07,4.25383395247788E-06,1.47702567794371E-07
JW30-LF,26,NMN,C,M,D177,200522,200610,57520178,1474723,1441430,0.977424234924118,13,442.126041138056,10497.0843195266,170304696,58650984,49045824,41589753,21018135,107696808,62607888,349,2.04926821278023E-06,47,8.013505792162E-07,6,0,9,2,29,0,28,55,12,181,19,8,11,36,8,0,38,47,236,20,7.42826101215553E-08,0,3.52842398077388E-07,7.50704128527703E-07,3.76949307090506E-06,3.19448565330937E-07
JW27-LB,26,NMN,EC,M,D202,200518,200610,69617388,2053828,2004166,0.975819786272268,10,398.704399256943,14429.7906804734,234108924,80783156,67696395,56983918,28645455,148479551,85629373,1034,4.41674747947669E-06,161,1.99298972671976E-06,11,3,47,13,95,4,109,93,11,582,59,7,33,128,24,7,142,168,675,18,1.61638419825232E-07,4.71445391156928E-08,9.56360650632625E-07,1.96194359615362E-06,7.88280909168867E-06,2.10208242445031E-07
JW29-R,26,NMN,EC,M,D256,200522,200610,83243598,1333666,1309864,0.982152952838267,22,419.229987500593,9342.46437376726,151565303,52267277,43724588,36955988,18617450,95991865,55573438,674,4.44692806769898E-06,108,2.06630240178764E-06,5,6,32,5,65,4,28,50,9,442,17,11,27,81,10,10,97,45,492,20,1.0417549445466E-07,1.0417549445466E-07,1.01050229621021E-06,8.09739357856536E-07,8.85315031256479E-06,3.59884159047349E-07
JW30-LF,26,NMN,EC,M,D178,191110,200114,78036222,945356,902613,0.954786345038271,6,450.795777251284,6511.49143244576,105642437,37071155,29493640,25795231,13282411,66564795,39077642,383,3.62543700123086E-06,51,4.8276054063387E-07,6,3,12,3,36,1,25,22,8,234,18,15,12,39,9,4,48,43,256,23,1.3520660583421E-07,6.00918248152045E-08,7.21101897782454E-07,1.10037345651511E-06,6.55106057832251E-06,5.88571848833663E-07
JW27-LB,26,NMN,He,M,D203,191110,200114,54951044,759750,672382,0.885004277722935,30,454.345019367672,4922.0383382643,79855150,27314599,22413685,19687512,10439354,49728284,30126866,95,1.18965401730508E-06,21,2.6297615119376E-07,1,0,9,2,16,0,10,9,3,37,7,1,7,14,3,0,25,17,46,4,6.03278407917715E-08,0,5.02732006598096E-07,5.64280400092064E-07,1.5268763767197E-06,1.32771858845192E-07
JW29-R,26,NMN,He,M,D257,200516,200610,60184480,1560931,1525866,0.977535842391496,12,446.618397520785,10973.5811760355,178035381,61311225,51263914,43409154,22051088,112575139,65460242,257,1.44353329409282E-06,43,7.0133976282483E-07,1,0,22,2,44,1,17,20,7,124,9,10,9,34,3,1,66,26,144,17,2.66488678286242E-08,8.88295594287474E-09,5.86275092229733E-07,3.97187654759969E-07,2.19980854943983E-06,2.5969962041998E-07
JW30-LF,26,NMN,He,M,D179,191110,200114,57409528,2041411,1904095,0.932734760418162,6,396.664232991829,13786.0479536489,223648473,76632019,64163794,55528294,27324366,140795813,82852660,325,1.45317334672793E-06,73,3.2640509018812E-07,1,1,29,0,53,0,23,23,25,139,13,18,15,58,1,1,82,36,162,43,7.102483935371E-09,7.102483935371E-09,5.82403682700422E-07,4.34506266908027E-07,1.95527820108612E-06,5.18993596584588E-07
JW27-LB,26,NMN,Hi,M,D204,191110,200114,52623456,1254792,1132139,0.902252325485021,31,388.692670760606,8187.30159023669,132830781,45118569,38264846,32951551,16495815,83383415,49447366,419,3.154389342934E-06,60,4.5170253120773E-07,5,2,15,2,31,0,9,77,3,270,5,0,9,51,7,2,46,14,347,3,8.39495480006426E-08,2.39855851430407E-08,5.51668458289937E-07,2.83129337971208E-07,7.01756287685779E-06,6.06705724224016E-08
JW29-R,26,NMN,Hi,M,D258,200518,200610,76064878,1670563,1618041,0.968560299731288,13,504.206637472038,11817.7046351085,191720986,66006144,55105504,46873824,23735514,121111648,70609338,606,3.16084333094344E-06,75,1.13625786108639E-06,9,0,23,5,36,0,16,112,9,377,10,9,8,67,14,0,59,26,489,18,1.15595817835787E-07,0,4.87153803736532E-07,3.68223251151285E-07,6.92542960819148E-06,2.54923789258582E-07
JW30-LF,26,NMN,Hi,M,D180,191110,200114,116645550,2558914,2411485,0.942386105980897,3,384.453410702225,17264.4469921105,280098388,95550515,80581590,69194137,34772146,176132105,103966283,787,2.80972698778973E-06,111,3.9628932102244E-07,13,0,17,8,56,0,16,177,6,470,13,11,20,91,21,0,73,29,647,17,1.19228689170552E-07,0,4.14461633783347E-07,2.7893658562363E-07,6.2231714102927E-06,1.63514550193162E-07
JW27-LB,26,NMN,K,M,D205,200519,200610,51666620,1180319,1156608,0.979911362945102,14,406.645016560359,8235.73724112426,133603590,45925691,38542923,32574416,16560560,84468614,49134976,1004,7.51476812861092E-06,154,3.35324295937104E-06,5,3,35,1,90,4,43,56,17,718,22,10,16,138,6,7,125,65,774,27,7.10323008259612E-08,8.28710176302881E-08,1.47983960054086E-06,1.32288657269315E-06,1.57525262656076E-05,5.49506730195615E-07
JW29-R,26,NMN,K,M,D259,200516,200610,69693212,1626242,1589342,0.977309650101276,15,442.008196689124,11503.5588634122,186626265,64165924,53747188,45579658,23133495,117913112,68713153,1178,6.31208045662812E-06,166,2.58704292951505E-06,11,0,46,4,114,1,31,67,15,869,12,8,23,143,15,1,160,43,936,23,1.2721231545479E-07,8.48082103031934E-09,1.35693136485109E-06,6.25789941556022E-07,1.36218461696846E-05,3.34724852460198E-07
JW30-LF,26,NMN,K,M,D181,200522,200610,59641692,1770054,1710082,0.966118547795717,6,501.206480138475,12567.0862919132,203888408,70193319,58225659,50069101,25400329,128418978,75469430,1147,5.62562634752634E-06,164,2.33640469401368E-06,6,3,46,4,107,0,36,62,7,855,12,9,20,144,10,3,153,48,917,16,7.78701104442678E-08,2.33610331332803E-08,1.1914126897973E-06,6.36019113964422E-07,1.2150615156362E-05,2.12006371321474E-07
JW27-LB,26,NMN,L,M,D206,191110,200114,82054408,1992004,1874485,0.941004636536874,65,451.660199834416,13740.4590113412,222925207,76626486,63174547,55112266,28011908,139801033,83124174,767,3.44061584744878E-06,139,6.2352751342292E-07,7,14,51,5,143,10,30,63,16,400,14,14,18,121,12,24,194,44,463,30,8.5836275616075E-08,1.7167255123215E-07,1.38768645579321E-06,5.2932856812508E-07,5.56998016004346E-06,3.60905841903464E-07
JW29-R,26,NMN,L,M,D260,200522,200610,60281476,1505416,1463816,0.972366442232579,12,494.679085005675,10738.0616987179,174214313,59928810,50089114,42640020,21556369,110017924,64196389,698,4.00655943808704E-06,134,2.2359863311152E-06,8,4,39,4,118,4,20,50,3,426,14,8,19,115,12,8,157,34,476,11,1.09073136119165E-07,7.27154240794436E-08,1.42704019755908E-06,5.29624804909198E-07,7.41474726872878E-06,1.7134920158827E-07
JW30-LF,26,NMN,L,M,D182,200518,200610,67069258,1636463,1597332,0.976088063097058,13,465.965158048327,11607.2426035503,188315904,64723368,54364987,45897339,23330210,119088355,69227549,841,4.46590002297416E-06,163,2.51841035219304E-06,9,15,50,10,143,4,36,76,10,453,23,12,20,143,19,19,193,59,529,22,1.59545406433736E-07,1.59545406433736E-07,1.62064544430058E-06,8.5226186470938E-07,7.64146654968241E-06,3.17792559722142E-07
JW27-LB,26,NMN,M,M,D207,191110,200114,54776046,2044956,1922499,0.940117537981257,7,398.808666545745,13939.7998643984,226159313,77712389,64939623,55279042,28228259,142652012,83507301,385,1.7023398015009E-06,107,4.7311781496259E-07,5,0,17,4,46,1,54,34,10,176,29,9,25,82,9,1,63,83,210,19,6.3090592791639E-08,7.01006586573767E-09,4.41634149541473E-07,9.93925070096566E-07,2.51475017735276E-06,2.27525016046202E-07
JW29-R,26,NMN,M,M,D261,200519,200610,52133620,933179,911160,0.976404312570257,18,451.216715923922,6516.90581854043,105725441,36391912,30386047,25894298,13053184,66777959,38947482,184,1.74035689290717E-06,63,1.73115388935871E-06,1,0,9,1,34,0,7,20,4,102,4,2,18,45,2,0,43,11,122,6,2.99500019160514E-08,0,6.43925041195105E-07,2.82431608800795E-07,3.13242329760882E-06,1.54053604800434E-07
JW30-LF,26,NMN,M,M,D183,200516,200610,58048848,1040767,1017486,0.977630920273222,19,451.444575556106,7286.58234714004,118212227,40691392,34014558,28867149,14639128,74705950,43506277,194,1.64111619350509E-06,72,1.76941599835169E-06,7,0,11,2,38,1,16,13,3,97,6,0,14,58,9,1,49,22,110,3,1.20472331855763E-07,1.33858146506403E-08,6.55904917881374E-07,5.05674158236983E-07,2.52837079118491E-06,6.89555670323158E-08
JW27-LB,26,NMN,R,M,D208,200522,200610,48995644,970997,941646,0.96977230619662,14,537.373290916022,6933.31897189349,112486167,38841571,32026543,27512302,14105751,70868114,41618053,291,2.58698476231304E-06,40,1.02982446307334E-06,1,0,9,3,16,1,4,45,6,204,2,0,10,30,4,1,25,6,249,6,5.6442873589101E-08,1.41107183972753E-08,3.52767959931881E-07,1.44168205081578E-07,5.98298051088551E-06,1.44168205081578E-07
JW29-R,26,NMN,R,M,D262,200518,200610,63296438,1017567,986564,0.969532227361933,3,525.37699393299,7181.72935157791,116510132,40111200,33445848,28613499,14339585,73557048,42953084,352,3.02119647414012E-06,36,8.9750493627715E-07,1,0,10,1,25,0,5,59,5,243,2,1,9,27,2,0,35,7,302,6,2.71897806448133E-08,0,4.75821161284232E-07,1.629685076862E-07,7.03092704589035E-06,1.39687292302457E-07
JW30-LF,26,NMN,R,M,D184,200519,200610,83976192,968646,935886,0.96617959502233,28,436.832321802249,6671.82729289941,108238634,37263838,31107118,26520091,13347587,68370956,39867678,343,3.16892395371508E-06,40,1.07342673612954E-06,6,0,8,3,24,0,10,45,6,228,6,7,7,33,9,0,32,16,273,13,1.31634842139695E-07,0,4.68034994274469E-07,4.01327611806236E-07,6.8476523764439E-06,3.26078684592566E-07
